2357,-1,1xn-bricks
3004,-1,1xn-bricks
3005,-1,1xn-bricks
3008,-1,1xn-bricks
3009,-1,1xn-bricks
3010,-1,1xn-bricks
3622,-1,1xn-bricks
14417,-1,1xn-plates
14417,72,1xn-plates
14418,-1,1xn-plates
14418,71,1xn-plates
14419,72,1xn-plates
14419,-1,1xn-plates
14704,71,1xn-plates
14704,-1,1xn-plates
15397,-1,1xn-plates
2420,-1,1xn-plates
3023,-1,1xn-plates
3024,-1,1xn-plates
32028,-1,1xn-plates
34103,-1,1xn-plates
3460,-1,1xn-plates
3623,-1,1xn-plates
3666,-1,1xn-plates
3710,-1,1xn-plates
3794b,-1,1xn-plates
41740,-1,1xn-plates
4477,-1,1xn-plates
4510,-1,1xn-plates
60479,-1,1xn-plates
6141,-1,1xn-plates
85861,-1,1xn-plates
3003,-1,2x2-bricks
3002,-1,2x3-bricks
3001,-1,2x4-bricks
2445,-1,2xn-plates
3020,-1,2xn-plates
3021,-1,2xn-plates
3022,-1,2xn-plates
3034,-1,2xn-plates
3795,-1,2xn-plates
3832,-1,2xn-plates
3028,-1,4xn-plates+6xn-plates
3031,-1,4xn-plates+6xn-plates
3032,-1,4xn-plates+6xn-plates
3033,-1,4xn-plates+6xn-plates
3035,-1,4xn-plates+6xn-plates
3036,-1,4xn-plates+6xn-plates
3958,-1,4xn-plates+6xn-plates
18674,-1,angled-plates+round-plates
2419,-1,angled-plates+round-plates
24299,-1,angled-plates+round-plates
24307,-1,angled-plates+round-plates
2450,-1,angled-plates+round-plates
2654,-1,angled-plates+round-plates
26601,-1,angled-plates+round-plates
30357,-1,angled-plates+round-plates
30503,-1,angled-plates+round-plates
30565,-1,angled-plates+round-plates
3176,-1,angled-plates+round-plates
4032a,-1,angled-plates+round-plates
41769,-1,angled-plates+round-plates
41770,-1,angled-plates+round-plates
43722,-1,angled-plates+round-plates
43723,-1,angled-plates+round-plates
48183,-1,angled-plates+round-plates
51739,-1,angled-plates+round-plates
54383,-1,angled-plates+round-plates
54384,-1,angled-plates+round-plates
60474,-1,angled-plates+round-plates
87580,-1,angled-plates+round-plates
2339,-1,arches
3659,-1,arches
6182,-1,arches
11090,-1,bars+fences
15332,-1,bars+fences
219,-1,bars+fences
23306,-1,bars+fences
2397,-1,bars+fences
2486,-1,bars+fences
2921,-1,bars+fences
30055,-1,bars+fences
30236,-1,bars+fences
30237b,-1,bars+fences
30374,-1,bars+fences
30377,-1,bars+fences
3185,-1,bars+fences
3820,-1,bars+fences
3957a,-1,bars+fences
3957b,-1,bars+fences
3959,-1,bars+fences
4083,-1,bars+fences
4095,-1,bars+fences
4349,-1,bars+fences
4495a,-1,bars+fences
4495b,-1,bars+fences
4590,-1,bars+fences
4697a,-1,bars+fences
4697b,-1,bars+fences
4735,-1,bars+fences
53989,-1,bars+fences
59230,-1,bars+fences
60475b,-1,bars+fences
60583b,-1,bars+fences
6140,-1,bars+fences
62113,-1,bars+fences
6266,-1,bars+fences
63965,-1,bars+fences
64644,-1,bars+fences
6583,-1,bars+fences
86208,-1,bars+fences
87994,-1,bars+fences
93061,-1,bars+fences
93609,-1,bars+fences
11477,0,black-3700-1
2419,0,black-3700-1
2420,0,black-3700-1
2431,0,black-3700-1
3021,0,black-3700-1
3022,0,black-3700-1
3023,0,black-3700-1
3024,0,black-3700-1
3029,0,black-3700-1
3031,0,black-3700-1
3034,0,black-3700-1
3035,0,black-3700-1
3062b,0,black-3700-1
3068b,0,black-3700-1
3069b,0,black-3700-1
3070b,0,black-3700-1
3623,0,black-3700-1
3794b,0,black-3700-1
3832,0,black-3700-1
4070,0,black-3700-1
4477,0,black-3700-1
54200,0,black-3700-1
6141,0,black-3700-1
12825,0,black-3700-2
2412b,0,black-3700-2
2436,0,black-3700-2
2540,0,black-3700-2
2654,0,black-3700-2
2877,0,black-3700-2
2921,0,black-3700-2
30414,0,black-3700-2
3747b,0,black-3700-2
3839b,0,black-3700-2
4032a,0,black-3700-2
4081b,0,black-3700-2
4286,0,black-3700-2
4287a,0,black-3700-2
44728,0,black-3700-2
4599a,0,black-3700-2
4733,0,black-3700-2
47905,0,black-3700-2
48336,0,black-3700-2
48729a,0,black-3700-2
48729b,0,black-3700-2
49668,0,black-3700-2
50950,0,black-3700-2
60470b,0,black-3700-2
60478,0,black-3700-2
60897,0,black-3700-2
6091,0,black-3700-2
61252,0,black-3700-2
61409,0,black-3700-2
61678,0,black-3700-2
63868,0,black-3700-2
6636,0,black-3700-2
85984,0,black-3700-2
87079,0,black-3700-2
87087,0,black-3700-2
88072,0,black-3700-2
92280,0,black-3700-2
99780,0,black-3700-2
2357,0,black-3730-1
3004,0,black-3730-1
3005,0,black-3730-1
3009,0,black-3730-1
3010,0,black-3730-1
3020,0,black-3730-1
3037,0,black-3730-1
3039,0,black-3730-1
3040b,0,black-3730-1
3460,0,black-3730-1
3622,0,black-3730-1
3660,0,black-3730-1
3665,0,black-3730-1
3666,0,black-3730-1
3710,0,black-3730-1
3795,0,black-3730-1
2420,1,blue-3700-1
2431,1,blue-3700-1
3021,1,blue-3700-1
3022,1,blue-3700-1
3023,1,blue-3700-1
3024,1,blue-3700-1
3062b,1,blue-3700-1
3068b,1,blue-3700-1
3069b,1,blue-3700-1
3070b,1,blue-3700-1
3623,1,blue-3700-1
3794b,1,blue-3700-1
4070,1,blue-3700-1
54200,1,blue-3700-1
6141,1,blue-3700-1
3004,1,blue-3730-1
3005,1,blue-3730-1
3009,1,blue-3730-1
3010,1,blue-3730-1
3020,1,blue-3730-1
3034,1,blue-3730-1
3039,1,blue-3730-1
3040b,1,blue-3730-1
3460,1,blue-3730-1
3622,1,blue-3730-1
3660,1,blue-3730-1
3665,1,blue-3730-1
3666,1,blue-3730-1
3710,1,blue-3730-1
3795,1,blue-3730-1
2456,-1,bricks-large
3007,-1,bricks-large
3245c,-1,bricks-large
3829c01,-1,cars
4079,-1,cars
4079b,-1,cars
4592,-1,cars
4593,-1,cars
4600,-1,cars
4624,-1,cars
6014,-1,cars
6015,-1,cars
6157,-1,cars
11476,-1,clip-plates
12825,-1,clip-plates
15712,-1,clip-plates
18649,-1,clip-plates
2429,-1,clip-plates
2430,-1,clip-plates
2540,-1,clip-plates
2555,-1,clip-plates
26047,-1,clip-plates
30043,-1,clip-plates
30383,-1,clip-plates
3839a,-1,clip-plates
3839b,-1,clip-plates
4081b,-1,clip-plates
4085b,-1,clip-plates
44301b,-1,clip-plates
44302a,-1,clip-plates
44302b,-1,clip-plates
44567a,-1,clip-plates
44568,-1,clip-plates
4599a,-1,clip-plates
4599b,-1,clip-plates
48336,-1,clip-plates
49668,-1,clip-plates
6019,-1,clip-plates
60470b,-1,clip-plates
60471,-1,clip-plates
60478,-1,clip-plates
60897,-1,clip-plates
61252,-1,clip-plates
63868,-1,clip-plates
73983,-1,clip-plates
92280,-1,clip-plates
11477,272,dark-blue-3700-1
2420,272,dark-blue-3700-1
2431,272,dark-blue-3700-1
3004,272,dark-blue-3700-1
3005,272,dark-blue-3700-1
3010,272,dark-blue-3700-1
3020,272,dark-blue-3700-1
3021,272,dark-blue-3700-1
3022,272,dark-blue-3700-1
3023,272,dark-blue-3700-1
3024,272,dark-blue-3700-1
3040b,272,dark-blue-3700-1
3062b,272,dark-blue-3700-1
3068b,272,dark-blue-3700-1
3069b,272,dark-blue-3700-1
3070b,272,dark-blue-3700-1
3623,272,dark-blue-3700-1
3666,272,dark-blue-3700-1
3710,272,dark-blue-3700-1
3794b,272,dark-blue-3700-1
4162,272,dark-blue-3700-1
50950,272,dark-blue-3700-1
54200,272,dark-blue-3700-1
6636,272,dark-blue-3700-1
11477,72,dark-bluish-gray-3700-1
2420,72,dark-bluish-gray-3700-1
2431,72,dark-bluish-gray-3700-1
2877,72,dark-bluish-gray-3700-1
3008,72,dark-bluish-gray-3700-1
3020,72,dark-bluish-gray-3700-1
3021,72,dark-bluish-gray-3700-1
3022,72,dark-bluish-gray-3700-1
3023,72,dark-bluish-gray-3700-1
3024,72,dark-bluish-gray-3700-1
3031,72,dark-bluish-gray-3700-1
3032,72,dark-bluish-gray-3700-1
3062b,72,dark-bluish-gray-3700-1
3068b,72,dark-bluish-gray-3700-1
3069b,72,dark-bluish-gray-3700-1
3070b,72,dark-bluish-gray-3700-1
3623,72,dark-bluish-gray-3700-1
3659,72,dark-bluish-gray-3700-1
3794b,72,dark-bluish-gray-3700-1
3832,72,dark-bluish-gray-3700-1
4070,72,dark-bluish-gray-3700-1
44728,72,dark-bluish-gray-3700-1
4477,72,dark-bluish-gray-3700-1
50950,72,dark-bluish-gray-3700-1
54200,72,dark-bluish-gray-3700-1
6141,72,dark-bluish-gray-3700-1
12825,72,dark-bluish-gray-3700-2
15571,72,dark-bluish-gray-3700-2
2357,72,dark-bluish-gray-3700-2
2412b,72,dark-bluish-gray-3700-2
2429,72,dark-bluish-gray-3700-2
2430,72,dark-bluish-gray-3700-2
2540,72,dark-bluish-gray-3700-2
3029,72,dark-bluish-gray-3700-2
3035,72,dark-bluish-gray-3700-2
3037,72,dark-bluish-gray-3700-2
30414,72,dark-bluish-gray-3700-2
3044b,72,dark-bluish-gray-3700-2
3045,72,dark-bluish-gray-3700-2
30503,72,dark-bluish-gray-3700-2
30565,72,dark-bluish-gray-3700-2
3176,72,dark-bluish-gray-3700-2
3747b,72,dark-bluish-gray-3700-2
3839b,72,dark-bluish-gray-3700-2
4032a,72,dark-bluish-gray-3700-2
4081b,72,dark-bluish-gray-3700-2
4286,72,dark-bluish-gray-3700-2
43722,72,dark-bluish-gray-3700-2
43723,72,dark-bluish-gray-3700-2
4460b,72,dark-bluish-gray-3700-2
48729b,72,dark-bluish-gray-3700-2
59900,72,dark-bluish-gray-3700-2
60478,72,dark-bluish-gray-3700-2
6081,72,dark-bluish-gray-3700-2
60897,72,dark-bluish-gray-3700-2
6091,72,dark-bluish-gray-3700-2
61252,72,dark-bluish-gray-3700-2
61409,72,dark-bluish-gray-3700-2
73983,72,dark-bluish-gray-3700-2
87087,72,dark-bluish-gray-3700-2
87620,72,dark-bluish-gray-3700-2
88072,72,dark-bluish-gray-3700-2
98283,72,dark-bluish-gray-3700-2
99780,72,dark-bluish-gray-3700-2
3004,72,dark-bluish-gray-3730-1
3005,72,dark-bluish-gray-3730-1
3009,72,dark-bluish-gray-3730-1
3010,72,dark-bluish-gray-3730-1
3034,72,dark-bluish-gray-3730-1
3039,72,dark-bluish-gray-3730-1
3040b,72,dark-bluish-gray-3730-1
3460,72,dark-bluish-gray-3730-1
3622,72,dark-bluish-gray-3730-1
3660,72,dark-bluish-gray-3730-1
3665,72,dark-bluish-gray-3730-1
3666,72,dark-bluish-gray-3730-1
3710,72,dark-bluish-gray-3730-1
3795,72,dark-bluish-gray-3730-1
2357,320,dark-red-3700-1
2420,320,dark-red-3700-1
2431,320,dark-red-3700-1
3004,320,dark-red-3700-1
3005,320,dark-red-3700-1
3009,320,dark-red-3700-1
3010,320,dark-red-3700-1
3020,320,dark-red-3700-1
3021,320,dark-red-3700-1
3022,320,dark-red-3700-1
3023,320,dark-red-3700-1
3024,320,dark-red-3700-1
3040b,320,dark-red-3700-1
3062b,320,dark-red-3700-1
3068b,320,dark-red-3700-1
3069b,320,dark-red-3700-1
3070b,320,dark-red-3700-1
3623,320,dark-red-3700-1
3666,320,dark-red-3700-1
3710,320,dark-red-3700-1
3794b,320,dark-red-3700-1
4070,320,dark-red-3700-1
4162,320,dark-red-3700-1
50950,320,dark-red-3700-1
54200,320,dark-red-3700-1
6091,320,dark-red-3700-1
87580,320,dark-red-3700-1
98138,320,dark-red-3700-1
60592,-1,door+windows
60593,-1,doors+windows
60596,-1,doors+windows
60601,-1,doors+windows
60602,-1,doors+windows
11477,2,green-3700-1
2431,2,green-3700-1
3004,2,green-3700-1
3005,2,green-3700-1
3010,2,green-3700-1
3020,2,green-3700-1
3022,2,green-3700-1
3023,2,green-3700-1
3024,2,green-3700-1
3062b,2,green-3700-1
3068b,2,green-3700-1
3069b,2,green-3700-1
3070b,2,green-3700-1
3622,2,green-3700-1
3710,2,green-3700-1
3794b,2,green-3700-1
4032a,2,green-3700-1
4070,2,green-3700-1
54200,2,green-3700-1
6141,2,green-3700-1
3004,378,greens-3700-1
3004,288,greens-3700-1
3005,378,greens-3700-1
3005,288,greens-3700-1
3010,378,greens-3700-1
3010,288,greens-3700-1
3023,378,greens-3700-1
69958,-1,large-plates
71772,-1,large-plates
71772pr0001,-1,large-plates
91405,-1,large-plates
92438,-1,large-plates
2412b,71,light-bluish-gray-3700-1
2420,71,light-bluish-gray-3700-1
2431,71,light-bluish-gray-3700-1
2436,71,light-bluish-gray-3700-1
3008,71,light-bluish-gray-3700-1
3021,71,light-bluish-gray-3700-1
3022,71,light-bluish-gray-3700-1
3023,71,light-bluish-gray-3700-1
3024,71,light-bluish-gray-3700-1
3062b,71,light-bluish-gray-3700-1
3068b,71,light-bluish-gray-3700-1
3069b,71,light-bluish-gray-3700-1
3070b,71,light-bluish-gray-3700-1
3623,71,light-bluish-gray-3700-1
3794b,71,light-bluish-gray-3700-1
3832,71,light-bluish-gray-3700-1
4070,71,light-bluish-gray-3700-1
4070a,71,light-bluish-gray-3700-1
4282,71,light-bluish-gray-3700-1
44728,71,light-bluish-gray-3700-1
54200,71,light-bluish-gray-3700-1
6141,71,light-bluish-gray-3700-1
6636,71,light-bluish-gray-3700-1
87087,71,light-bluish-gray-3700-1
99781,71,light-bluish-gray-3700-1
12825,71,light-bluish-gray-3700-2
14769,71,light-bluish-gray-3700-2
15712,71,light-bluish-gray-3700-2
22885,71,light-bluish-gray-3700-2
2429,71,light-bluish-gray-3700-2
2430,71,light-bluish-gray-3700-2
2540,71,light-bluish-gray-3700-2
2555,71,light-bluish-gray-3700-2
2654,71,light-bluish-gray-3700-2
2877,71,light-bluish-gray-3700-2
2921,71,light-bluish-gray-3700-2
30374,71,light-bluish-gray-3700-2
30414,71,light-bluish-gray-3700-2
32028,71,light-bluish-gray-3700-2
3298,71,light-bluish-gray-3700-2
3747b,71,light-bluish-gray-3700-2
3839b,71,light-bluish-gray-3700-2
4032a,71,light-bluish-gray-3700-2
4032b,71,light-bluish-gray-3700-2
4085b,71,light-bluish-gray-3700-2
4150,71,light-bluish-gray-3700-2
4286,71,light-bluish-gray-3700-2
4589,71,light-bluish-gray-3700-2
4595,71,light-bluish-gray-3700-2
4599a,71,light-bluish-gray-3700-2
4599b,71,light-bluish-gray-3700-2
4623,71,light-bluish-gray-3700-2
48336,71,light-bluish-gray-3700-2
4865,71,light-bluish-gray-3700-2
4865a,71,light-bluish-gray-3700-2
4865b,71,light-bluish-gray-3700-2
48729a,71,light-bluish-gray-3700-2
48729b,71,light-bluish-gray-3700-2
59900,71,light-bluish-gray-3700-2
6019,71,light-bluish-gray-3700-2
60470b,71,light-bluish-gray-3700-2
60476,71,light-bluish-gray-3700-2
60478,71,light-bluish-gray-3700-2
6081,71,light-bluish-gray-3700-2
60897,71,light-bluish-gray-3700-2
6091,71,light-bluish-gray-3700-2
6231,71,light-bluish-gray-3700-2
63864,71,light-bluish-gray-3700-2
63868,71,light-bluish-gray-3700-2
87079,71,light-bluish-gray-3700-2
88072,71,light-bluish-gray-3700-2
92280,71,light-bluish-gray-3700-2
93794,71,light-bluish-gray-3700-2
98138,71,light-bluish-gray-3700-2
98283,71,light-bluish-gray-3700-2
99206,71,light-bluish-gray-3700-2
3004,71,light-bluish-gray-3730-1
3005,71,light-bluish-gray-3730-1
3009,71,light-bluish-gray-3730-1
3010,71,light-bluish-gray-3730-1
3020,71,light-bluish-gray-3730-1
3039,71,light-bluish-gray-3730-1
3040b,71,light-bluish-gray-3730-1
3460,71,light-bluish-gray-3730-1
3622,71,light-bluish-gray-3730-1
3660,71,light-bluish-gray-3730-1
3665,71,light-bluish-gray-3730-1
3666,71,light-bluish-gray-3730-1
3710,71,light-bluish-gray-3730-1
3795,71,light-bluish-gray-3730-1
2357,73,medium-blue-3700-1
2431,73,medium-blue-3700-1
3004,73,medium-blue-3700-1
3005,73,medium-blue-3700-1
3010,73,medium-blue-3700-1
3023,73,medium-blue-3700-1
3024,73,medium-blue-3700-1
3068b,73,medium-blue-3700-1
3069b,73,medium-blue-3700-1
3622,73,medium-blue-3700-1
3666,73,medium-blue-3700-1
3710,73,medium-blue-3700-1
3794b,73,medium-blue-3700-1
54200,73,medium-blue-3700-1
2362,-1,panels+misc
43337,-1,panels+misc
4864a,-1,panels+misc
4865,-1,panels+misc
4865b,-1,panels+misc
60581,-1,panels+misc
6231,-1,panels+misc
87552,-1,panels+misc
91501,-1,panels+misc
2877,-1,patterned-bricks+slopes
30136,-1,patterned-bricks+slopes
30137,-1,patterned-bricks+slopes
3660,-1,patterned-bricks+slopes
3665,-1,patterned-bricks+slopes
3941,-1,patterned-bricks+slopes
4460a,-1,patterned-bricks+slopes
4460b,-1,patterned-bricks+slopes
98283,-1,patterned-bricks+slopes
2417,-1,plants
2423,-1,plants
24866,-1,plants
33291,-1,plants
3741,-1,plants
3742,-1,plants
2420,4,red-3700-1
2431,4,red-3700-1
3008,4,red-3700-1
3021,4,red-3700-1
3022,4,red-3700-1
3023,4,red-3700-1
3024,4,red-3700-1
3062b,4,red-3700-1
3068b,4,red-3700-1
3069b,4,red-3700-1
3070b,4,red-3700-1
3298,4,red-3700-1
3623,4,red-3700-1
3794b,4,red-3700-1
4070,4,red-3700-1
4162,4,red-3700-1
4865,4,red-3700-1
4865a,4,red-3700-1
50950,4,red-3700-1
54200,4,red-3700-1
6091,4,red-3700-1
6141,4,red-3700-1
87087,4,red-3700-1
3004,4,red-3730-1
3005,4,red-3730-1
3009,4,red-3730-1
3010,4,red-3730-1
3020,4,red-3730-1
3037,4,red-3730-1
3039,4,red-3730-1
3040b,4,red-3730-1
3460,4,red-3730-1
3622,4,red-3730-1
3660,4,red-3730-1
3665,4,red-3730-1
3666,4,red-3730-1
3710,4,red-3730-1
3795,4,red-3730-1
2431,70,reddish-brown-3700-1
3009,70,reddish-brown-3700-1
3021,70,reddish-brown-3700-1
3022,70,reddish-brown-3700-1
3023,70,reddish-brown-3700-1
3024,70,reddish-brown-3700-1
3032,70,reddish-brown-3700-1
3034,70,reddish-brown-3700-1
30374,70,reddish-brown-3700-1
3039,70,reddish-brown-3700-1
3040b,70,reddish-brown-3700-1
3062b,70,reddish-brown-3700-1
3068b,70,reddish-brown-3700-1
3069b,70,reddish-brown-3700-1
3070b,70,reddish-brown-3700-1
3622,70,reddish-brown-3700-1
3623,70,reddish-brown-3700-1
3794b,70,reddish-brown-3700-1
4032a,70,reddish-brown-3700-1
4070,70,reddish-brown-3700-1
4460b,70,reddish-brown-3700-1
54200,70,reddish-brown-3700-1
6141,70,reddish-brown-3700-1
2339,70,reddish-brown-3730-1
3004,70,reddish-brown-3730-1
3005,70,reddish-brown-3730-1
3010,70,reddish-brown-3730-1
30136,70,reddish-brown-3730-1
30137,70,reddish-brown-3730-1
3020,70,reddish-brown-3730-1
3031,70,reddish-brown-3730-1
3036,70,reddish-brown-3730-1
3660,70,reddish-brown-3730-1
3665,70,reddish-brown-3730-1
3666,70,reddish-brown-3730-1
3710,70,reddish-brown-3730-1
3795,70,reddish-brown-3730-1
3941,70,reddish-brown-3730-1
3037,-1,slopes
3039,-1,slopes
3040b,-1,slopes
3298,-1,slopes
4286,-1,slopes
15068,-1,slopes+curved+round
3062a,-1,slopes+curved+round
3062b,-1,slopes+curved+round
3062c,-1,slopes+curved+round
4589,-1,slopes+curved+round
54200,-1,slopes+curved+round
59900,-1,slopes+curved+round
6081,-1,slopes+curved+round
6091,-1,slopes+curved+round
61678,-1,slopes+curved+round
85984,-1,slopes+curved+round
93273,-1,slopes+curved+round
11211,-1,studs-not-on-top
2436,-1,studs-not-on-top
30414,-1,studs-not-on-top
4070,-1,studs-not-on-top
4070a,-1,studs-not-on-top
44728,-1,studs-not-on-top
4733,-1,studs-not-on-top
47905,-1,studs-not-on-top
87087,-1,studs-not-on-top
99206,-1,studs-not-on-top
99207,-1,studs-not-on-top
99780,-1,studs-not-on-top
99781,-1,studs-not-on-top
2431,19,tan-3700-1
3004,19,tan-3700-1
3005,19,tan-3700-1
3009,19,tan-3700-1
3010,19,tan-3700-1
3020,19,tan-3700-1
3021,19,tan-3700-1
3022,19,tan-3700-1
3023,19,tan-3700-1
3024,19,tan-3700-1
3062b,19,tan-3700-1
3068b,19,tan-3700-1
3069b,19,tan-3700-1
3070b,19,tan-3700-1
3622,19,tan-3700-1
3623,19,tan-3700-1
3666,19,tan-3700-1
3710,19,tan-3700-1
3794b,19,tan-3700-1
4070,19,tan-3700-1
54200,19,tan-3700-1
6141,19,tan-3700-1
2825,-1,technic-beams
60483,-1,technic-beams
6632,-1,technic-beams
2730,-1,technic-bricks
32000,-1,technic-bricks
32001,-1,technic-bricks
32018,-1,technic-bricks
32064a,-1,technic-bricks
32064b,-1,technic-bricks
3700,-1,technic-bricks
3701,-1,technic-bricks
3702,-1,technic-bricks
3703,-1,technic-bricks
3709,-1,technic-bricks
3738,-1,technic-bricks
3894,-1,technic-bricks
3895,-1,technic-bricks
6541,-1,technic-bricks
2780,-1,technic-small
32013,-1,technic-small
32034,-1,technic-small
32062,-1,technic-small
32073,-1,technic-small
32123a,-1,technic-small
32123b,-1,technic-small
3647,-1,technic-small
3651,-1,technic-small
3673,-1,technic-small
3704,-1,technic-small
3706,-1,technic-small
3707,-1,technic-small
3711a,-1,technic-small
3713,-1,technic-small
3749,-1,technic-small
4265a,-1,technic-small
4274,-1,technic-small
42924,-1,technic-small
43093,-1,technic-small
4519,-1,technic-small
59443,-1,technic-small
61184,-1,technic-small
62462,-1,technic-small
6536,-1,technic-small
6558,-1,technic-small
11477,-1,tiles+curved-slopes
2412b,-1,tiles+curved-slopes
2431,-1,tiles+curved-slopes
2432,-1,tiles+curved-slopes
25269,-1,tiles+curved-slopes
3068b,-1,tiles+curved-slopes
3069b,-1,tiles+curved-slopes
3070b,-1,tiles+curved-slopes
4150,-1,tiles+curved-slopes
4162,-1,tiles+curved-slopes
50950,-1,tiles+curved-slopes
63864,-1,tiles+curved-slopes
6636,-1,tiles+curved-slopes
87079,-1,tiles+curved-slopes
98138,-1,tiles+curved-slopes
74747,-1,tracks
3004,40,transparent-clear-3600
3004,47,transparent-clear-3600
3005,47,transparent-clear-3600
3023,47,transparent-clear-3600
3024,47,transparent-clear-3600
3039,47,transparent-clear-3600
54200,47,transparent-clear-3600
54200,40,transparent-clear-3600
6141,47,transparent-clear-3600
87552,47,transparent-clear-3600
87552,40,transparent-clear-3600
2412b,297,transparent-metallic-3600
2412b,179,transparent-metallic-3600
3023,36,transparent-metallic-3600
3023,46,transparent-metallic-3600
3024,36,transparent-metallic-3600
3024,182,transparent-metallic-3600
3024,46,transparent-metallic-3600
3024,34,transparent-metallic-3600
3024,33,transparent-metallic-3600
3070b,46,transparent-metallic-3600
3070b,36,transparent-metallic-3600
54200,297,transparent-metallic-3600
54200,33,transparent-metallic-3600
54200,34,transparent-metallic-3600
54200,46,transparent-metallic-3600
54200,182,transparent-metallic-3600
54200,36,transparent-metallic-3600
54200,143,transparent-metallic-3600
6141,297,transparent-metallic-3600
6141,179,transparent-metallic-3600
6141,36,transparent-metallic-3600
6141,182,transparent-metallic-3600
6141,57,transparent-metallic-3600
6141,46,transparent-metallic-3600
6141,34,transparent-metallic-3600
6141,42,transparent-metallic-3600
6141,33,transparent-metallic-3600
6141,41,transparent-metallic-3600
98138,297,transparent-metallic-3600
98138,36,transparent-metallic-3600
11477,15,white-3700-1
2420,15,white-3700-1
2431,15,white-3700-1
2877,15,white-3700-1
3021,15,white-3700-1
3022,15,white-3700-1
3023,15,white-3700-1
3024,15,white-3700-1
3031,15,white-3700-1
3032,15,white-3700-1
3062b,15,white-3700-1
3068b,15,white-3700-1
3069b,15,white-3700-1
3070b,15,white-3700-1
3623,15,white-3700-1
3794b,15,white-3700-1
4070,15,white-3700-1
44728,15,white-3700-1
50950,15,white-3700-1
54200,15,white-3700-1
60479,15,white-3700-1
6091,15,white-3700-1
6111,15,white-3700-1
6141,15,white-3700-1
85080,15,white-3700-1
3004,15,white-3730-1
3005,15,white-3730-1
3009,15,white-3730-1
3010,15,white-3730-1
3020,15,white-3730-1
3039,15,white-3730-1
3040b,15,white-3730-1
3460,15,white-3730-1
3622,15,white-3730-1
3660,15,white-3730-1
3665,15,white-3730-1
3666,15,white-3730-1
3710,15,white-3730-1
3795,15,white-3730-1
2412b,14,yellow-3700-1
2431,14,yellow-3700-1
2432,14,yellow-3700-1
2436,14,yellow-3700-1
2877,14,yellow-3700-1
3008,14,yellow-3700-1
3021,14,yellow-3700-1
3022,14,yellow-3700-1
3023,14,yellow-3700-1
3024,14,yellow-3700-1
3034,14,yellow-3700-1
3062b,14,yellow-3700-1
3068b,14,yellow-3700-1
3069b,14,yellow-3700-1
3070b,14,yellow-3700-1
3623,14,yellow-3700-1
3660,14,yellow-3700-1
3794b,14,yellow-3700-1
3941,14,yellow-3700-1
4070,14,yellow-3700-1
4070a,14,yellow-3700-1
54200,14,yellow-3700-1
6141,14,yellow-3700-1
3004,14,yellow-3730-1
3005,14,yellow-3730-1
3009,14,yellow-3730-1
3010,14,yellow-3730-1
3020,14,yellow-3730-1
3039,14,yellow-3730-1
3040b,14,yellow-3730-1
3460,14,yellow-3730-1
3622,14,yellow-3730-1
3665,14,yellow-3730-1
3666,14,yellow-3730-1
3710,14,yellow-3730-1
3795,14,yellow-3730-1
